x_coords,y_coords,fluxes
2104.142354771563,2413.225413718213,1097.876006800661
731.8015582160745,1839.5138082918934,1234.3726290821603
2271.099889770764,160.76910826840617,1156.0910383908415
2488.9037468903375,2162.0968073376857,959.2452947086973
2083.228061205642,400.04811974060857,7301.61325853191
2037.4944872522765,2136.5899190225673,1515.522972475066
712.2675932499794,542.2418518542773,1144.6422505653504
1390.5525813973945,2351.6527250894396,1262.9420358746306
1004.5542607977698,324.4819177740235,1769.5136562326138
840.0017344263027,216.2903298640858,1072.5549284793833
2025.0241798776078,1490.1845180552289,2501.4678424807516
1358.3980963117797,1235.8905732104865,1125.461512373473
2211.6784545251626,941.3838203154506,1115.7343625108904
1255.0233503932461,2394.4648646088267,1989.9587023434487
23.59885752651525,1921.7829243260999,5381.589805118553
2155.663491380598,1690.2009284861917,1050.6185490243927
2417.6075760885033,1738.432367712813,956.7718623340666
1261.4130258133832,2185.2614185634793,966.5137369176886
418.4702461952388,1566.4971865890427,3404.0189624004415
429.04413679392485,538.7345108822816,1818.4599811051949
2337.0827348010343,2116.248086413516,1080.942906250655
1916.1192203467544,2222.1888331544787,2296.9841633118604
1939.001107889534,1730.9356244677583,1020.7231603882619
2396.380645037146,49.89737045059722,2162.1510318353885
2248.5281822253537,433.77390960356274,3682.471068647863
1486.7632070908178,1686.8203188328428,910.4446456588043
1181.7416873387463,439.5567804313099,2054.7852107238546
1848.5221664044634,2136.260092346141,4156.264614924317
2428.43517997404,1031.522311243434,1587.5264137669096
261.0465010831228,1810.1269348446924,1686.2288473960566
1598.8956674248643,1759.9867278313402,2101.8919862275397
1620.833660603956,229.6990988937741,1166.411948627712
1741.8889028362505,610.7752414864586,2871.2434810913137
1124.4011865978448,1053.2911550122715,1132.851356417128
2106.1979050085306,1089.9062991343274,3070.985907032
858.0077215528986,913.367693623947,9663.422348581069
990.9839024773817,44.0095107910598,1253.3015851756397
105.05184914117305,2005.514604945965,954.4795156906739
50.889363997322576,1506.2229570252102,4776.708981641951
1728.0773774951747,664.3508907428877,2092.2969266827245
236.00951284973522,1965.1537959636753,1200.1896680904986
168.2182781260782,1119.9328760190992,1419.6307083389338
2209.3070394525353,356.87113979124877,5930.3953898085965
1107.410941557907,2408.96551209398,1302.9774815844273
780.2404510298896,2460.4905889042952,2787.429710708203
1924.7111712088006,2160.6706149552574,999.3260810124015
520.7140326961071,867.2584780905792,3104.3578327588457
2100.7932043818582,1601.561647627196,2492.009917524457
1763.194142098318,1412.2439742051818,1131.5251021346971
1164.6981907225372,573.151811610815,960.0105887999526
1903.6671037615101,1083.9607625874235,1026.0281572908405
564.4725239015097,1271.7068151005476,1679.8597968635327
2010.85596191726,1973.7985587547762,1361.3632232527684
1714.015817100582,1457.0277209558315,1842.185049353744
189.22506855163968,781.8915162989359,910.7856955980045
911.8307666627359,846.4430493113381,1399.661586070484
1884.9051381389984,1112.4585049306531,908.7880877485699
613.6815130664482,888.3949181209952,1649.2086836995313
1527.918245364796,2377.378146262929,1526.1372316082625
1688.4685445736857,1260.6936971635207,3026.928066022655
226.47388128022632,1823.9652705287529,2451.7011888483285
2099.596057497723,928.1933867789432,5870.70134845034
1241.6287462354746,726.6644239692926,927.0355996974258
1566.6064807058003,1005.3186360468876,938.4769640390112
1938.5567866033016,968.7316032793158,1560.4252768687193
727.0871385292052,1818.3212432843181,1001.2821115283882
1683.99118038808,1696.3261684761897,1923.2136034835646
387.0249216394291,318.28175855451525,2930.8040108593464
1276.9300337353689,2088.3317183861864,1098.4190944003099
593.6885293539118,185.29117285109942,4634.00730482312
1305.6911519484067,1341.9556699520479,919.8152963533396
982.1652818623852,120.72502551900921,1114.3499624853373
2064.283531322486,1454.0685252192702,8596.031521911946
2118.4955580288197,479.83609567743497,1121.272978767894
1541.105075776665,771.5762685708712,3363.145322176483
361.23683021084787,1641.803771431064,1347.1054610647427
2119.3429912898823,619.6707399934176,2033.2466172100324
691.0387037595208,2122.7464607797697,951.768904567579
1449.069741389302,1557.2769960642502,1364.6638717983749
387.88909244372724,47.17706727531379,3195.017914805851
1839.1228570715018,2005.8758843673197,1449.2303200878366
2199.3324062255783,1024.9540417527214,1457.078088713556
2043.0163334140927,2277.1242332671613,1054.67136769507
137.67216823204137,1883.0001001975354,7198.322346347553
881.0790502719578,731.0481773874579,1021.546687964601
1826.9848713444414,1803.3081420368746,2626.249320125284
1379.0785885726125,1419.3534786717657,1689.345611524023
1420.9084201452124,385.6850593045102,3220.938729401307
352.86889016812313,2196.2867132377332,1587.0426208875112
2274.0480177700956,616.3148512226148,1981.4922995713885
1437.0431360811863,1830.3398555886765,5689.820658420533
794.3195910479471,1834.3257237608275,3349.9097017623703
2289.4114223903352,1193.6934647602473,1190.220838903937
1599.9770853074801,297.33701842152345,2252.4686568695743
312.13322172040307,1206.8913917684176,14037.959708387463
460.5436568123949,696.0112068695062,924.5131077667944
1271.5456101396055,2324.151140227175,2786.5492592294477
738.5099354896134,24.573983150686598,1217.9868641125183
2238.7430420315122,1139.7543832753706,1041.6853694180504
766.2996797898719,520.5052288854017,1087.9584685680854
2218.1999042843977,1905.0230393478705,2711.051785329122
2384.95280222294,1850.5235875706458,2587.3657961479885
235.91082781532734,1332.394688828494,1745.515673069761
124.28080326668112,1711.0725179303329,986.6121564458003
1000.7090237374305,1180.5491074847446,4026.2166349926483
1281.3248786990496,2254.185790362781,1928.9416864084135
2123.972008874857,2084.4106149060763,921.9202557340794
548.379783281899,995.9467571643429,961.4904125086609
1093.0907554129692,2145.978093061428,1510.228879960604
1514.6971876485256,668.0924468309134,2292.5963534648677
2045.8481478702324,1396.2318011060286,936.4249577789651
1232.9440246263716,2183.4207089819997,4450.98564566796
925.0672571804885,2386.09962159016,1240.6779395908322
1550.6562103771025,906.0072752680647,1368.5272847156155
2386.7077413350244,2198.156364849428,1439.6386089635282
2083.8368029080593,2026.1774224398246,1667.797176356688
456.16190028457953,2013.545831276812,1870.6927834439712
552.1577743067504,1432.6463132708325,1593.2922620155134
1858.9882645292978,134.9679830621916,944.3684409564379
176.6343449731172,699.3412369795673,2231.818546256595
406.16183852917453,285.0586832889384,1521.754404225093
1230.0782359866905,288.09525496844367,5060.333679064626
2477.6863338251123,1499.3892271834013,1792.680125114021
2234.571924371951,1349.6765032357594,1082.047920206295
624.7519313282961,497.445085473461,3252.1274936940736
2325.176677476168,1617.6591013030986,1103.1116475221536
1497.272183822118,1937.3220623859643,1820.887318183636
1404.463378941059,1579.9563478882985,4838.1601229184225
873.027023640657,630.9937196971041,1134.1756659123573
2200.715628094214,1515.9523670954352,986.7571474790178
749.4704713284799,96.74013722489933,1121.829446165527
907.081978984941,2448.3193139371083,1346.7994234373248
2132.537883381814,882.6145663189352,1885.1272860016682
1565.993317027984,2166.6288598251094,3454.6975133963474
2220.5267008735473,1182.1792129121088,1126.239970852838
1475.8100267937634,1714.6287903817863,1019.906649536498
476.6686343914708,604.3343524567354,2091.243607591469
934.0954457257802,2203.9684945958325,1960.075428337121
393.7061020661952,947.8773064657508,982.9559316653657
166.34575830862136,645.0324146971028,1761.2874044030978
777.3286898008103,185.95870494117588,2927.074451595204
1232.2542386509176,317.28282013389446,3169.9727776843793
580.2540285242951,59.178136665837215,1138.6082491038726
486.62329661843745,723.2645390421152,1654.945855855465
1682.7205544231133,501.6562760017578,1095.0011387008785
832.3242299675514,120.9592598066616,4007.583759105045
1585.4131994998581,792.0264713542509,1548.7216798136571
1417.4139306541772,2291.6827986920553,3981.9169332442475
1543.5282557722244,94.74809507555493,1040.0832987469016
1274.2538795246783,109.80263286877201,2824.357067896218
516.0498235415728,1084.8118147306343,1092.7610270868915
356.19027318704445,2359.3137909742272,19641.797132479252
942.9466069041708,550.0998500332823,1001.8162889231016
1519.5579862970653,203.32621201317036,1173.4412086581865
2256.184465906608,2295.4687102125386,1129.5674446627365
276.0786967280012,1097.0219387483703,981.0236817248215
568.9647892310272,2277.376064283015,1560.2644768821576
6.1317001415966415,1212.2472214843428,1187.4801574449157
1997.6592910793318,962.528298726104,2774.165896103427
2298.544286585443,1704.9622422834325,9233.239773929032
1207.9468212487334,207.27763814603472,1711.7574634363573
1596.5533169496903,1164.8015040108098,1579.4041625269845
154.3344318783876,974.9892949689223,1125.8348706227418
307.8119328678366,2361.1109722637943,2375.665968202367
1637.9371566168604,2052.5707935704063,1256.3767556231576
238.67558159957775,505.14069913136444,1544.9467270700998
299.57439617945414,203.15847326918097,1119.0179899639536
156.50387631436163,632.8290216152074,901.8965204419987
217.8692439745058,1389.431741719145,1085.253351254626
1234.0000866459118,166.02821708058624,8687.944410788936
2070.9472954142648,20.968228658600154,1321.975334388569
504.7639902584516,141.74481284395353,1822.9828403087397
553.3919567927869,2086.6260467952907,2071.251171117518
890.3853381103546,1560.3055081432863,1073.7181767682562
1196.8359815744848,1061.5059924929592,1772.0343835375422
807.8471321140681,896.6309311126488,17003.135457685417
2278.6854841597124,2121.4497019428823,945.7750276051775
2140.2643345166375,2113.119633293403,1124.077951750983
2106.306465641376,286.34968806573977,1111.107844376525
63.69147452557311,2290.214118966891,2339.2796197568973
304.70797572732266,34.49705425760946,1016.4143609533868
398.62001183264186,400.1110866063772,3512.2303850898193
228.6493243190429,2308.3323904382505,1209.624079556661
772.4043054442997,2315.1343327248296,1172.6702704210618
1651.0075973720723,611.425568310914,13326.807349701812
1938.3002930458697,1299.3672110683137,1450.430855446089
1705.573517751794,1953.971724727001,3278.998695709442
1065.509520886182,1644.5235458288967,1239.725202444541
1559.655169715525,317.91061683732966,2800.9135463948496
1019.2724570748882,925.0181371302962,1066.551129040277
1386.9823860088306,2226.871843082769,1240.3078861566096
1315.1336019109701,370.823988850544,2424.154205335999
1865.2618533952161,806.8588019223881,975.9400517309516
1778.0113518691542,1789.581848692393,1519.4656791437412
1453.3156892018985,1424.242628526828,1398.9815338104445
1788.225573393445,1012.9610198220847,2471.255284064244
470.2207686133663,1025.0629759784326,971.6598373141001
1514.118327686405,1072.884091615486,2489.0627418098197
2466.412345968365,2383.3306165441236,8003.582462416216
593.6413599247405,296.90347900884893,2042.4106681968008
1084.8732166088193,2212.022748583028,6396.419033272388
1574.9988418305,1109.4596008453523,14228.791501024783
425.90296454142,419.9062490925314,3878.868385621041
1599.1267577388815,42.06921457175239,1627.2581729403523
1172.5016943061453,1472.5244373572368,1758.1218542146194
808.9326465915924,2415.4599727465047,1154.7336927732713
2371.12623951501,659.8248229815678,2576.2240959856954
686.9576576902791,2458.467092618095,958.2055415343843
942.962511420668,1501.4960674890528,1579.5456245122145
2117.6772629990487,651.2687487602666,3505.085561010833
1414.98666606441,2120.5588226955906,1861.1243208855801
589.3558586819761,1256.7302905721342,2229.90168604767
1856.4856828219295,1352.5771520416774,2809.337172653256
1640.3776383467696,2317.273634315446,4172.177091103323
733.8493796996204,1536.692331778033,997.8817727990189
2281.827614498761,1874.8776042088734,1133.527478299324
731.4416120326275,733.5097910957916,1023.7073621469135
779.7377705512808,2202.494900364311,1811.1848373343864
2334.7390423413626,1211.5376219341958,1888.061242814949
672.398044460028,1992.403967909919,4630.241026008362
114.4801629648109,1227.9138699317732,62628.99854686955
869.907564454799,832.7969076797477,2881.080731668857
967.0893592545948,659.5032097952993,3231.158793253887
553.1810057139799,1088.1232151649053,901.2781338527433
2442.6454905836704,2023.525234105352,947.9642654139311
1654.6154593115236,720.041970914319,2803.3010368160417
2150.421999500037,1202.973123250092,980.237347880804
2389.899423739743,2299.2444632537217,3048.676402101284
1348.0323581339374,2209.5734295756865,1391.9898097896523
1311.2368305781952,1603.4614576713957,1171.064688161501
1835.077206630042,568.7005864967667,2731.396055387869
1195.2983859801366,1297.8107166988136,1317.5522723993129
1351.9605268066261,498.20108946828503,1214.459850363758
383.052376001618,668.1737197979647,1383.316871586914
370.6079647795015,787.2647667298373,979.4468752116427
838.3295887288976,1230.3804587819855,985.1954791951637
186.24717752719394,1617.3972265258424,5176.803346783425
2124.9984284585553,571.7033021540951,5215.690201528322
1638.0243747893096,1254.0102299861278,1868.682675562306
1639.6984549501472,2191.267202939423,1032.8708811108431
778.3549059682992,2358.902592951697,934.3783758727895
320.473755971313,622.1644606306836,1252.3263866311306
1455.048395356452,731.3533411316008,3144.6688560897883
1272.1652218711602,851.5537103977368,1704.0690723309228
2088.547912872304,101.14938008902502,942.8631167693095
72.92073620634659,353.697303076465,3610.3351050372585
2157.814150661079,676.1186726805113,1196.49197955762
2465.449069807081,65.32368027911012,3223.3965104399476
1483.358385456637,1274.7858824491616,1062.783488233309
835.9708792401728,1891.3195995145088,2076.6148184896283
1403.7376600460718,1267.9485366459753,1024.6550790951367
1356.993669665204,833.9381224654252,1206.2445137422364
2400.91380712911,1982.0962536644076,3462.7415959873542
2479.568640016225,1325.0743369017955,1813.5211840308405
1057.005661320794,1202.7262237775458,2596.5230206300125
16.577696340344616,2310.362243624075,1035.0116337572254
1885.5343724244676,336.4302039532765,1080.7614154905089
100.2237411186157,2240.8365614239096,3354.293935929707
2008.0050678887503,155.01996160643176,2374.9694093227645
2083.0170842969105,1942.8039417931554,1486.4255671652027
942.770239538955,1937.5221649980883,2323.514537045311
2253.788967255495,623.1727887496993,1178.127596829243
2118.2981390859395,2320.683457325951,966.5018395750749
1230.5324190988633,1224.6483785661032,2239.867867939679
243.30623850709853,1254.5961289556035,1240.0896097900036
1925.1931896225344,9.66965191540875,6983.466592151222
567.4646370232341,827.7136753183811,1368.4223000590082
1960.4957044773246,1359.8960583813914,2151.3418554817263
1348.6960500736002,356.2288056398335,2352.9663180005728
614.3585488276392,1688.218828417404,1532.7831488263737
2372.0833825017608,1557.1224199051394,1066.2508369847956
1602.068831279452,337.10800896653313,1088.0703971229423
29.545110996188285,1395.2400124656622,1396.1231393616863
764.9079585730802,1578.2305638376772,6855.143043373002
2283.3044981360877,1065.0960162600256,986.5855906417266
390.0015915239407,1060.9071544041096,1857.756999263911
801.8584507807329,1276.4654081977956,2362.4437484384202
1575.3408344306413,1436.8502685990677,1780.3858118699086
886.3890389889186,1355.2473901842632,1499.0522466102732
950.8996773580413,1479.3895635783776,2659.0809642402996
796.0221260443664,2234.438908952031,1425.5268288602836
277.84667324861755,980.1636070197433,1026.6102569903665
342.53779870371034,2199.8773209010806,1005.9043571372993
1272.0866085817156,1818.8787879434433,978.5786993288051
1837.668192423442,1010.9748777762176,1515.9842695466334
536.0912760916458,1310.0208427983553,1109.191321126237
1467.463466089292,2454.4913729871014,1102.0965393859328
2465.14081822645,2429.8137360085584,1021.132099000494
1614.5799097060567,2284.332652749554,2053.1174228011446
1387.8253396863752,2384.6328292218245,1038.6011689125664
1441.956529809604,72.64939991811347,2229.4559472612086
1722.9476469666197,202.71444913921295,974.5343469443437
62.21452100186286,2364.162668093158,1772.51782500695
41.53334199232523,934.4100503166057,9508.343936777688
675.1502626724015,288.94000154961486,2259.02427745149
605.0598451920526,1591.1527696563926,966.7253689444544
1680.5130675843845,435.2680928433974,1457.3775097059072
806.1459831591671,514.8665457524759,2416.468566130871
2131.076194008825,15.928640944749496,2093.5314555654236
1767.6906091595918,17.13662748711925,1211.9557034613897
1756.2142422080617,262.0593815151331,3911.8821896992076
2474.057672491771,417.736909673938,4020.8619553642097
185.36388960001116,2223.7504541700114,1391.4537872107876
340.4603940031092,1882.2407310051278,1311.569029192635
1492.9018489256396,1360.4003419373896,1227.564362448265
728.6084423671376,1663.89641305716,1012.513843734762
2390.8410443086846,358.42674509455964,2924.29916901419
1222.4421941414848,2254.7828119950977,948.5639726132019
2355.0870976403507,1692.6721342914261,3816.945709455156
781.2664290782631,511.16571809311444,1177.4336296183485
1936.290481634142,1049.104915575045,4482.613137281056
1440.8432215569542,2087.09798305969,1586.064691372097
2253.7130500981184,1709.500758031015,2499.042731291541
210.89906269729696,746.3704740693682,919.7569084109305
634.2408106913091,1783.3231817379892,1067.831510902045
2414.024889731062,970.7906018246667,1396.1339823442265
1266.8848127794163,950.6268869434572,12300.189123059119
12.400795319476243,2068.2626506077327,1107.1233933923475
2166.5371897380132,261.91436951685296,1287.3037543890223
1191.974297321041,639.5984745679949,1091.4477297002902
1138.8171380564363,366.79138171432476,2362.668413453303
63.346159358455225,1631.2871808338718,1145.8584407554013
625.4699138621397,1692.162889814668,1453.421363153285
1403.3497241146733,1006.1572354600886,1215.8637531835186
1264.0167989222166,1159.3927715645043,1009.189591167415
1421.4397100518524,1671.1813523772312,910.004309837903
1324.5169289499422,426.7801721067884,1043.7234401106546
1913.2754232963803,1518.7321066895076,1335.6202593285732
440.3230841943483,2458.9859356854186,1356.7756439856605
2462.9462608501703,1872.6570542426673,903.330767564054
1032.851502684919,726.1147801942263,6178.578593367268
974.4730505243575,2024.208685772726,1957.1525011302717
1161.572487131225,1499.4942572074801,947.4315800521476
832.0835679284671,2436.868110567222,922.2264074575908
2409.1245357817497,2425.9283913762756,23893.86016331087
2467.4854924996835,50.54727052354513,3340.9440384686677
1916.002377510957,2275.48968250762,1159.502776388773
2478.2358132323516,1099.257124278381,925.582356837333
1593.5936321906806,1793.2075404281227,1334.7954482951616
1925.0768384415137,948.0989738367251,1284.904433779611
1670.8538403743903,922.3915168873217,1729.3887720676557
1330.7805254081209,1542.6521190989706,1496.1606135236461
512.4763991593284,369.94680531241215,1183.8991346418584
1045.9974892047658,1173.006466646448,1508.0129027641995
2454.257427414515,2471.5224940855596,14221.302363864661
957.2750192685727,1555.4595346588728,1103.8020169803056
1406.9895490714275,1700.8776241547762,3342.234001750891
2455.8935994931107,43.49791487465138,1634.7129504454153
876.0530444801817,1085.7889333607077,932.5929947690856
1107.6091518918868,1861.768887717583,2037.291670087893
1281.1425605908842,1692.9818883055466,1272.4549667956858
1065.1673176820384,1073.8718547063522,994.7547963737424
955.6836724551556,59.18209561072357,1096.9535255439814
2385.2138883788807,2459.85983683025,992.5898396662544
67.0959143505861,1093.4347484263585,2990.4325974218664
1230.1920041113706,599.7503130707034,5433.977013617686
353.1595872079964,621.7221831278902,10560.67982332229
1142.6695456743685,1383.1957943040454,1346.7153664351745
2211.9901753413187,773.1334594478564,1217.9255673382247
2272.823745960106,431.2285358794928,1569.4927208561353
391.87162773153506,1573.5312650920444,3372.2007944927464
1994.1844019445525,2174.4354701575785,1054.9045476863364
2153.1097207184844,2368.0584200687845,3634.362468013957
71.7751520260409,1293.8781924708255,1004.8814480406702
2290.8842361285697,704.9495858156021,1572.8561979728665
900.7285969796383,1428.094182580544,908.1340763478802
1586.7973275926377,1629.9277217725933,957.0331199818502
67.60949044442988,1539.2183389717368,1187.2116323144696
1395.1710709658748,1229.7947169200668,1278.8031288622424
1056.3549759818093,287.5992959568901,943.235119004352
934.9536600348334,2358.529849956311,941.4781282623778
70.95849295454559,1614.0516591820274,1304.2937230226912
821.0511522049824,1427.9734641259884,2749.956985895458
1613.8160304940632,212.18183200352257,1861.307532410036
1327.956323369925,1468.7886331991187,47121.160825390696
395.9512597478814,2174.7225227754584,1046.2077370961895
1472.4636059796564,1597.0957778559807,9953.000762308066
1972.0564907641526,803.3217808709209,1800.1396448405826
1246.4584833353542,283.7625813341426,1503.069410127366
1095.5930267015237,331.0975399445284,3772.595628068858
1093.7729838474565,515.8236906779925,1901.5372649177239
699.6167822543697,823.1512154042341,2863.699133588536
1198.152301428133,1438.363704005661,1220.9326141422002
1879.6828813800728,911.3278537088081,1413.3028316208643
61.24315365240935,1516.3914317839549,1185.3333973686354
110.976024510693,2275.4111611878157,921.7020977946329
858.781046376352,618.3791892715511,1896.0718748581178
1495.0198917008402,-0.2164726307438687,961.4380235487162
1201.2569088908301,236.7531104326625,1320.4200581773175
848.2578593899428,1892.5948384074497,1913.8658720768717
223.6543467434312,195.61915764435744,904.9087717773428
2485.311254036527,1622.782798838795,10301.505709761337
1627.2027923042806,1417.0355635995174,2850.727554397311
1185.5883873112632,899.212834337412,2219.9092813760412
1738.0166113856037,1802.4605955157108,1097.7262627912762
259.5527961727364,2457.1431543862996,1381.9343762140857
1796.5994535220782,280.11023106211616,1520.942945471131
2042.7373139373922,1894.866834143667,2081.180880781706
956.7642407855361,2003.6110568814065,6451.759995926794
1686.9750237815347,1099.8284007373666,4286.633272170967
1672.6205051789084,1219.496675731852,1167.997562891935
1759.0516236839078,2221.3054079986714,2969.3037034601416
103.4656865053662,2318.018196725715,2526.300324636608
1446.0307218623393,1613.1747010616707,955.5166321296904
2084.544828599662,2448.828894015142,12455.374476233603
932.3018634171232,493.6430102441877,1057.7894372694668
183.46745393172458,712.9111664483722,10290.093169111833
1360.2573397326935,214.70289064423991,1323.2631413352847
2358.5434433360338,2401.9933198230283,1336.5392425991727
1916.1932533253864,156.90612204150574,999.5333212650297
44.86267394336074,364.628794654595,1531.4686294895798
1185.5298872729052,2090.274116238543,2800.648735183148
222.01576838899695,346.1052847098691,8978.353916267695
1125.9059658575907,1879.1170107423254,1112.9013857439759
657.2314724877598,2442.964223602937,2239.6880304113647
1486.488289934967,1099.8017918294254,1259.1848802482746
2201.349565328964,190.42563698200783,1841.193307248577
1279.8027860242148,345.39236474909274,20086.40509698537
2160.415246855127,1198.5522851652245,9106.583436602737
2350.8545202673654,523.4685888664005,1239.325190133797
1882.3705745481773,1794.7488088513142,1265.4871555341833
485.77873494955423,2355.5217310322273,1593.4179794976435
1367.0576821896134,1144.9630020253203,2787.7148582740447
2211.0359626445056,1050.640276066457,1382.2666617766681
1021.9545911397167,1760.8426247418738,1130.481076404695
1336.0809371147914,1841.909654621751,932.8532281498431
230.19076624047614,2013.1800484748899,1070.6299536202312
184.44134418699377,1903.7424682430085,1704.706870325015
1414.9298538361093,833.7840920628975,2582.820231605883
1131.9329871563602,786.5602358585427,1229.7919991415065
1793.8272094184822,1204.2546442800294,13905.43881069573
1072.6101774907754,1342.6762915081347,1192.159012606887
1091.6728994731636,1497.9891883539024,1405.4211183743153
1996.9301226085333,1038.7614613001497,7096.539563971256
2254.9885141866275,1878.0105655672535,1090.9482938460176
2481.644184653269,1012.2021842127384,1531.6101010059099
1080.0568244927044,753.9867960275265,1833.9075450533715
2174.861268119569,287.6292318021758,1260.892410189993
1636.6102691438425,2015.2848248089713,1578.0705345751016
1102.1020952538727,687.4858189973431,1052.0326121030082
1660.017163069316,993.2333549777613,2020.8492316220552
790.5741319194792,2016.3236282982107,5995.934429862784
1567.004031022284,2284.525373301021,1365.313755797127
786.0197302622252,2406.0514287092255,912.205602827514
594.9660977823897,2010.6224289168658,1141.4388900036213
970.4746550816952,346.0727135501001,960.6066286671199
547.6525707342513,2173.916057455943,977.3137241904406
559.9385067791349,835.7171122373275,2624.9521182962544
2458.2577857181054,609.575217459529,1302.232333471898
1202.124539177517,472.8115172411048,1066.287087717244
804.7561886359988,303.10473525756856,1610.7986906448411
705.8376328673204,2115.975926649871,2700.704844610867
1689.6844948935432,1131.2126660461588,1948.2398486355758
1824.6027219547009,474.717810192928,935.5937913276939
2361.670556521021,670.1173043380428,6364.872173584731
389.2605157700432,536.0202006522657,1010.8538175648363
367.2904928988479,876.9752262906302,1991.107264179052
836.0235266854612,1926.909247113279,2367.2793853502494
1883.992087535805,558.7606271762999,1098.1518065271475
609.1124981181508,1222.538216169974,4490.825959224225
886.3941935743871,219.2141941866948,1728.3319359616587
319.6579595681978,1719.544868651901,2251.8115915180947
2108.03829247114,1001.4714517634281,1053.4200466007758
709.6555762415624,1583.2656763500843,1946.519475948481
1747.4786627639141,348.3910562745767,2044.3042330702913
882.8513216790998,1562.6368496890693,1470.3701132508304
399.73388106174787,1296.075364246197,8378.277152601822
2179.2996638680447,712.0910358826624,926.2807514733996
1443.708156198167,1639.5921976682198,1395.8249247863434
2277.522946339582,871.4015987784832,1031.2067813292924
224.4885047286407,121.2504121378904,1198.1966643342807
1006.7687620794726,825.9265642312465,1269.411601783125
793.9038917479556,1291.6946858139968,937.4186412987968
2172.9356755785548,1358.5244164493513,4953.363655807036
1246.0949966951848,2314.8470665208124,1080.632716410946
1051.8048104229501,1061.6535759945755,1475.0000531450453
2263.394713445476,60.75248033829605,1347.3227181778277
881.8786657235303,2254.7525484960606,1875.0942524084537
2251.6681222646466,1802.0339285222917,2154.9886117423225
1.2541280334137932,697.004152026571,2584.5042786984054
1883.8569918674605,1411.0644335297386,1741.0717055572782
855.470477013421,1971.0724306349066,1323.9780593137025
173.8661980697017,1103.2608915419803,1417.865577707525
214.4737096146412,655.0358244309814,937.1479351666477
1911.4055340649818,1948.0141804856326,1188.2427377729773
1269.5918899748663,456.983904833588,2577.3657612987627
1969.4732234888681,1341.292945844093,4912.4284498227635
2454.4290244684375,1245.2839410410606,1624.5996998648295
681.7829746491138,1133.6565768853382,1554.0082046507714
1112.4574595514732,1461.4799638555123,2844.295610458815
2398.7836287328255,1809.5477532878842,8057.687174848023
2309.219990975998,2288.0327497155577,2312.349813024446
90.96408403019917,762.3568403981973,1946.5730027718193
2029.0405984720308,933.4007462322662,925.8189343774237
35.45523439657244,807.8763116245754,1103.4725253794768
2029.3265617440995,1284.4359672159987,3338.1976221916602
1166.4285609084031,339.5801880356541,8333.996903575659
718.0293623830103,38.219576197219496,8230.661182188713
136.26714853702532,1314.8452089844243,1632.8363762405074
1647.5801627998862,2081.7654641030867,1070.888163810504
1966.5083107047624,1059.7153240800722,972.1881550660137
1160.0009266364416,319.2636291304848,5961.78957290847
2118.709652287275,1494.6182994248386,2208.0581673720394
1806.357374874394,2339.7216253013244,991.9554675579338
1075.2911408954847,1471.6169275946036,1124.9705282625416
1030.4300472005546,538.9104009317699,5157.492450722321
1378.7865073153293,843.577382815206,5266.238447267642
52.526111079729766,1155.5368429130644,1461.9331251128215
1823.4041903694729,1217.2844689842252,1512.5297199285912
2423.977305037812,2243.9489451850595,1473.1727412634868
2423.4330761161227,499.10512856173864,976.6086437998766
2377.6228578567225,607.5609772895563,1497.8376307181813
556.6295418110675,162.59180300062093,1567.7963280200993
624.3837198587789,871.0750773504712,1223.7062177146483
1244.902109032174,1105.656597970063,942.3027413051816
723.6543068468534,2360.0450783010756,9162.938367595689
646.2095112257856,1064.739617982835,2400.2061357959897
1162.1162101841567,1747.3767010873148,5619.531615701009
1498.5433731705973,2424.2222577095167,1019.7512401087536
1390.8258680727165,2260.5111659896997,1716.2482855603512
1094.3935324742986,2452.2696784936516,3289.209922864503
1740.1168195309942,1233.9560104790933,1124.172160221402
1524.3582244887232,2092.8373706509783,1197.3556951590558
1370.0442929207845,1486.6441178630348,5261.703805113633
2173.4148993307754,1734.755055029906,5496.6392300529
103.95655829929818,1302.4049662845503,1014.269736073893
1128.6303581280922,209.15336292700115,1098.7792383743513
939.9161037193335,622.5790166156547,3961.607308355792
1064.9434109940755,1732.273773589646,1347.9142887259688
1180.3913664062684,399.68054684202053,1565.8432710357256
2384.723062866231,1061.4073738279524,1166.5864991161698
51.794856793305144,1276.1156195009362,1639.4559318606478
1682.4705389931614,2270.5627900326135,1445.3225905865258
1426.160976158611,385.0242879386486,1048.2607033801721
2263.396492663303,227.17025924851302,1753.2912484367184
998.5596457013052,66.02701401601097,1112.0252828398143
748.0460685915351,2055.0139427395075,1048.3261676726656
910.9740030967936,29.4289230605837,1259.346841702327
2212.075090954493,2261.6937485613566,1103.7941868286998
1851.8634735914954,2292.1256580574764,13892.733906249956
1919.7283539629252,1856.7473200799775,1400.7293611548632
123.72214812086524,1451.1913438426943,1003.4756703392313
2119.1023491489536,1886.9908288215156,1500.3004985260377
1068.8417166775043,2273.56320186832,19489.523518384292
1541.5771181465009,21.33846035108544,1448.6853896463704
885.7907866865725,1058.4921683972902,2729.6358917682346
2044.2442216665784,324.1983452023136,1697.5397650818015
1538.4631697168456,1648.3858070515143,938.0719609397058
1599.8497287802431,1807.3842079191104,3539.7271340418583
2054.4437850186296,1195.0155259843193,1358.5595024193092
391.62980698785873,31.176161105387568,9898.303519938727
1685.0973004644488,346.63792152682885,2238.693882040969
2478.7653146547823,471.13605552020124,3646.8686357460024
1739.4110799649075,915.6751748045746,1119.956203507208
1670.3152676417476,1853.2717541371517,1170.4637258271541
2131.649321764623,2171.4492887150714,3725.182807607121
2177.050445855458,836.6185028511127,4075.9888750725218
1887.0643692673682,2025.0421479323034,1168.5771651936147
1595.1755695826873,218.48183405108657,1651.5755151885385
814.7765514204518,368.47427822927875,3224.2985631987785
2065.7425158547258,1853.7120951205616,1145.1831768515037
283.90215142876093,110.8856740178118,1771.159597686825
1987.4057919622903,454.9488065405171,4341.6714884797175
709.5474378013511,2229.365823706623,2599.4283256147296
1077.8041147754134,2273.647486726593,1216.0720529592554
1393.6687526885182,2000.1119705800015,5075.567424202541
353.7551759727844,1354.840871414517,2398.072428533422
115.69327034529641,678.3094510637065,2026.0352129821779
958.6905548299723,242.70596522588028,4185.070953766488
2472.466027000405,799.8911750395007,1156.666202497108
1584.1488308933892,645.3904443404615,1408.1795280281708
745.1925872790349,2043.420091375694,1088.5215336559768
1577.8064844498933,2056.3695128333507,2126.647995732366
1613.685867500823,740.6965945710281,2236.681126383833
942.4306523908712,1989.827378467337,4733.523170268489
1606.889296528132,634.5423510493616,4221.547458312722
2101.123766726664,1565.6513994772802,1100.0212881234215
1466.6497246642773,2240.8656864550208,1116.884953146151
813.840819823628,721.0984643477868,5545.828942863644
2123.3950818412777,2329.9862648624066,1140.0002900456902
490.7539772891755,1481.8914516804732,8797.312458584125
1602.9821746863508,2068.156332657837,1317.1934887811747
1786.4367106704128,364.6358642189553,915.8829927866632
651.4493768492063,2123.8303984966274,1126.6621800613254
2352.0617632490357,1761.8520542203532,1189.3719837384801
1585.8829776547398,869.2145064297998,1797.0819557043283
2062.1765266235207,793.5714164594101,994.923723598612
1841.6852237123196,326.55261858339,920.2149848112621
1375.305865843141,2393.745510742766,1133.9933058101922
1540.503372218642,2017.2714731211888,1510.5935573431377
2091.9695117643687,1217.7480435132795,1029.065796695541
2473.7275825481665,663.6740107322386,1821.9604160516808
1634.0488049146309,2126.3921995354144,3758.004258382113
1219.642580700866,1346.9692037966367,1189.0486464103979
1572.6805070316332,1089.8664112307538,6862.676976290703
1465.7879476415114,2384.9422398622028,1055.071592742152
460.7005300511829,738.2741498361178,1135.7933243231332
838.8710891485223,2169.0959109507094,2061.9425801012335
1957.220318403329,996.2791462785535,1413.7124889394852
1657.4672877660716,2082.4991371430224,1141.5412470606036
1980.9206419415432,2055.562902896957,37141.118459201636
84.47408935067119,743.8579339480275,1458.023352515758
2015.4475661274787,1975.7213897595154,928.1199866412213
1510.6374978867161,1652.5958746882854,1798.2543475995062
1049.5700842665924,1142.6415965851859,1427.7075693810482
1870.9173123401629,1452.6748495512059,1576.9225683911252
1330.696039462553,1033.5321097659287,1513.9499663520012
282.52354283339633,512.0749945940389,3139.341334147346
2011.362691570368,160.3769428061016,10213.973526913154
1055.6423004165479,676.7950115624762,2256.676885531339
460.06053594712404,2290.706719679265,956.9990987119545
128.92373903354982,1214.1581736130963,1513.8926641398875
959.9058470830182,1332.8337729851746,5235.385680103969
1333.978275330837,1203.6813228834703,1559.7271592548402
832.0030080083965,1469.0937535496912,1213.9051035205973
366.5783708185787,2132.06682971275,907.6317649106127
1583.771374220673,2196.8975390205887,1126.5347197251906
1063.4739253328776,7.376840438514332,6429.821653226736
1188.1711054458315,1583.8904701029826,1419.1080724946485
1374.7396926040803,1825.1501233897577,1375.4484627702595
1262.2343998384472,2079.4003271850474,996.6069022314018
44.79489190254282,1680.9736274379354,1806.173165751862
1967.7434328918903,2222.202487636706,969.2465983223667
1993.0255027605533,1687.7873275293252,1908.247505106533
219.9383495473422,602.0310632491895,2978.8843660607045
1756.8372050651196,634.8209902485049,1250.058275614154
477.39883065171153,611.0415286611684,1213.6407176640075
1721.1291636851336,1553.0097681011894,1284.147985129824
2322.3433102602744,455.86389715030367,2785.677623236989
819.6928914225573,84.84643321342156,1449.6310264818928
530.1207192910117,667.4421465613306,1101.9242471837213
2088.765506041645,222.08791571747426,2161.627159722276
813.234718228315,1014.9308396265,1074.7628062442916
130.1325071489195,1878.7951963066394,1538.3491581502979
1540.6684463570125,1396.532214352577,1679.4703375626755
1922.4917625726937,1607.958002720552,1701.7336434735569
108.96241367117749,13.411199100731242,4464.410361639743
1571.8407116118224,1210.2371427873613,960.7153102910223
2095.9734136376796,1612.3351062974355,927.944398119251
776.3865047417611,1224.4882913726872,971.5663545427255
1630.213810434412,2219.7817687968986,995.3230882671594
2146.636254311709,1113.6764436862436,5467.640799182956
660.2612873609195,171.57673122555167,2793.415433729131
2059.3770651449718,2194.704969388634,3470.6109930634216
805.9745519538624,955.2675964078713,1056.2692321241552
1449.1572394228044,848.0337032253607,2666.045645506498
1917.167130195804,427.56102790331727,962.5128079010635
521.4022280895333,2083.568854540222,928.6443683675041
763.4493953722263,267.40084831079196,1916.9705056502717
1553.0362730261722,2362.57626288444,1097.034017508241
194.83973874578837,1269.7468335202375,2919.315992475138
2180.2624891983237,1149.8073434955195,3725.432671704751
2002.0884564288094,278.488147542773,2829.8993494719675
1803.557398965307,1554.7788581779282,2926.369583591393
2260.2715233423555,1838.3161003149028,1441.6715932131444
524.8587707497276,2263.4436432966013,2204.220143450007
1723.3341547263103,285.972682828022,38583.053423696954
2438.8509878030823,568.9100650049719,950.3760900980915
2498.6545193745724,377.87798342780974,1716.2603783222953
2025.002483390867,856.4504928882949,928.0124400917415
1413.7720763640853,1886.3631590358875,2313.0721230147856
2487.8585492699044,1821.1318321197052,1069.3969144927257
1177.2096766526865,2479.194335405999,1813.4632154436488
1306.3947350059873,2214.9541694988116,3095.4219514050446
709.3121715746408,906.116009630179,1519.925729830686
483.8632999757491,2348.2963458531426,3217.463443031174
1599.4201698081743,1410.9651322419948,4463.414898362093
734.9120428454439,1984.4446351243632,3049.0855947918853
1932.3277201752796,796.5921420053972,1046.6766704597267
2304.501955254944,1594.099954465261,1456.8445569387425
309.4915912264287,841.4301706484011,971.2961465324732
68.62322775128543,661.3475688918146,2962.2870333185692
829.0884424530151,1806.0638955152178,976.2067323415843
2133.4879292826836,799.5615095590591,1110.0585132020458
1683.8951624095046,353.54928788454083,2725.415134648682
858.4992876071631,1700.807265521232,1663.690280536056
80.70890784957314,611.4671506868307,1860.232684785716
431.75246763944097,1093.0079632136888,2074.3093515176724
1951.4277816729095,411.83433263521135,1042.4488901882908
409.52817480846414,986.8610656832749,2234.09540943551
1449.941200064068,1967.008643620684,1028.650530166368
540.8682259969141,424.47441547356215,3301.576735889491
1227.8253132278621,2385.588639856854,2331.922000496563
535.4666890993748,140.32498185322422,912.7061569098826
1746.7170073878474,204.32449836425886,2601.0501198416164
1493.1513603338133,739.7110811906723,2837.8364712542825
2385.1986886971104,1267.60010621396,1008.5274696780688
608.4204595588535,1512.7870518096727,8947.797128777485
1187.9956693228135,1624.2548805099239,1129.1136341428653
353.20002622003375,872.0836003408726,1764.1763383056564
938.0552670256211,1356.2275374308358,1914.6267940815374
2205.300778845908,1518.4086564532408,5049.9217228335165
1805.1919203446605,1277.468315867696,1717.3268750047387
667.5364314418719,179.3144802914728,1144.0087961730233
297.53866352831415,1641.173913557583,1175.5994723673407
613.0159029554552,650.7554074233828,2410.99351316487
18.544154740432973,1017.1568951606293,1056.7912234194462
1162.0080807502586,756.1830418638942,910.6588430623514
290.18294694274994,2240.6906469919145,3561.0874870802645
1838.3898925222702,816.5768195186207,1995.8526637904326
2035.1600627177997,2471.5278527861587,1444.6904685477245
1416.7170482139345,2255.966657283926,2476.7290127377278
1477.8174404331355,307.40505548324853,1079.3661281226398
2456.4893437993155,2066.252782267412,2232.8223391644906
2486.469743136134,1141.272266070428,1071.3987927506073
2421.2244516527167,1925.5278012605834,1320.5227317719427
914.6933009644156,1441.331536099514,2464.6112067913627
2174.834596465967,255.24347345846655,1955.7630513052832
919.1037195419387,591.237863120636,1510.2971014856475
2083.9513454316307,1002.2719294123955,3018.7431974491296
699.1524642719723,406.37710232884365,1266.0333696070911
1562.7316002440966,48.284144977181974,10183.687988642701
2137.5433304277853,1013.9027822115006,2525.8509861345315
1048.7178986990261,1618.4007119179732,1435.9021806260223
2332.40960745604,906.9420306547157,1125.739621679439
2479.6128761124373,1273.4415804238652,4013.503725056569
295.66927656402504,1735.2541875683416,1229.4257969842092
2423.1589540522186,297.5610962128008,1090.4636193639383
97.80092313451611,885.1587847278846,2526.4698065626585
883.9324847998483,2047.7125556970864,1493.9460413384006
1169.5110706306834,1656.3676287411076,1085.6604451435032
2143.4818310493306,1880.0756102129678,1234.7078069276463
1431.4986466159398,392.3124438444816,907.959536901795
1203.806544123751,217.48009314624667,4806.31588645812
311.3717985196345,875.9367782413241,1930.4693525748812
424.84846976928833,1531.9684779591994,1457.705868823859
621.2028705355226,2269.5095198505237,3452.012701665665
2112.3054747406472,2002.04471149095,1471.2019506419958
1621.6573054362743,65.6931672253302,1789.71682205004
1989.511859179024,1633.099343487662,1596.7777451373408
1815.3363366689675,25.513459666181515,1029.8525991466925
1480.4018791836172,189.59153510467613,1884.1464645675494
815.1142499553931,517.0679246317169,1605.6585190324674
2481.81040929782,1338.3005337759464,4713.297596636963
1070.1889940133647,775.8210052091415,58815.37675050477
261.050348474765,2048.700754829002,1448.4165430355606
1004.1288883335702,662.2358712073342,1524.67237720662
1280.740881349432,1828.1478746475686,1764.4021681671547
2066.407873136919,1942.8439994663102,1109.1002511907982
134.94422219675639,1391.4066404400637,1392.203862060031
834.432907331771,543.2116438730599,1010.8723225143202
1642.233864369471,557.3041069534695,1850.6925428143977
1272.5278673893783,2406.6381754156496,4349.625644045191
543.1819436477455,1141.4664772295546,961.4730996763508
1994.2265165208016,1025.1553335629212,1030.9764849431415
1216.4524513500644,1933.9813464344852,4713.230717992708
610.2207361535905,1099.511943330489,1010.8115336099346
2212.183165905196,1789.6198924813518,7717.866399423813
844.5240153682137,1373.7338892617586,1623.251583300793
590.9238633506321,950.3258742716886,969.873298553524
1044.2992915531413,1039.237121272562,1131.4464803800302
624.5702684199424,1627.5048318686627,7194.101958456105
1053.24019077184,2356.973340937592,1805.681790381288
1263.9139843868913,513.3257135443375,1050.2850436040835
1481.9064712766065,1412.1333893765525,1118.9341840201078
222.9432877032347,2194.335579700308,919.4070816926065
2190.857212485716,1870.5114427859883,928.284592952919
1234.8100329306073,439.430057010072,3899.590108171923
1267.6374570623254,2190.9952212742155,915.5615943657044
521.9154919017171,1539.7819389197693,2416.499602379189
1275.998343975281,306.75144034214753,914.8364047452761
79.97671814748747,535.4430958080916,1012.012865841041
2222.532772072226,471.1088233552926,1634.2645517566093
1141.5238140454628,860.488467111129,1180.380933573611
210.5782272371059,2497.8756851806406,1349.4306891267968
1732.0513570630885,1169.0666450301676,1921.9536191828297
1330.0051813471148,108.19652721577027,14772.650026938854
27.373809449420193,269.04651319742146,3984.8557101435363
699.2043474897247,420.4195452116088,1068.6015396451016
798.3265749281339,1724.3662982216772,1133.9360766473822
827.9293168762705,2366.2423203294134,1089.8584680866663
1143.078580279246,555.4640400427548,7240.350607788675
809.7282777944289,1869.2773741291687,5977.980529735567
1918.167978968124,2362.9346841854735,28736.92710391672
1116.159773857199,1551.2337410404273,1356.434749172179
2002.9326078899553,1546.8736230287118,1123.9523328216546
448.4016556718578,1598.0311326415053,1570.562617657019
1668.9426244743868,1229.8838227663407,982.9429873164374
799.4806734401676,705.4538523867179,1928.8922021600365
543.1427947565342,1234.9257829081805,4074.1103184950302
369.6014856881907,292.90528492326126,1379.6414844494825
1093.5513089344872,70.11577418645604,1653.0414795961829
451.32118647858596,2253.336582324358,961.0726269353862
1873.3120804282328,1175.444346937957,943.9946212627887
1088.434075404347,1143.8755285077248,1410.5937565763845
816.7480336819643,2067.0709734625625,917.0589997218525
1859.9973962811553,2361.190176495531,932.5823104782073
1061.1337268645168,773.0693222092763,1573.971345436611
-0.23213578179337402,901.4060946800203,1171.3020905591445
1956.583610157631,602.8610422661048,1583.3264894988504
794.2575057631861,995.4088506979593,941.1954364854671
1030.0732275208993,1902.602843771654,1925.7238143365796
814.2245085694085,740.1989995062161,1753.3268483324334
2221.298548718457,649.920824861359,17738.92682090759
1683.7297638523683,1052.6232087096016,2749.699537492729
1164.5136832510077,2423.985371627527,10814.801815599149
1608.8962998583113,266.0588794438234,3112.795338414386
315.60157229299716,744.6865063989402,3662.5412678948182
1400.6019609308962,1498.4320658292868,1263.8981922572327
304.66222262817166,2414.818934375794,3088.6982802464386
814.9480389430136,355.49740711649594,3306.4319683382705
28.013945630463667,1915.691343009776,1358.8176888696596
2470.710088973988,1456.9931478627127,1288.0346528268146
419.97766367031505,1392.70029401063,991.100841094754
1898.2478298204135,2028.4026851599112,906.126886535373
2021.8911583644951,1316.8797099975454,1082.9392722333885
4.3857251217054865,314.512200808209,1718.447359861296
60.37811143657862,973.4103295094068,2660.0733647710626
2025.1159198115795,110.99226930348976,1110.357058580967
9.437226235492979,1735.3838070616036,9070.874391941406
773.9330209800346,2247.264231767353,1915.9327498660462
1836.0970042843946,1758.5490404042512,1035.5476837814447
212.29662313599624,1447.1693785503562,5451.116317327289
1270.1588637093503,2392.173219912355,1060.575024890149
932.1774965000326,1819.094894205113,2069.0521467037834
1332.121171322294,1739.2471152992166,1047.0453356170692
20.40114178121716,1878.8987316506687,2493.329818539394
166.85378766642023,1480.7733039256593,2550.9496241381084
747.8036173474896,270.65715783430363,1199.711038823286
258.67051744955705,357.77227753009475,1928.7584708402721
699.571519951655,813.2115555121982,1326.1973327327346
2446.4899948051325,2391.4131471735222,1236.1891415722973
291.55029281172966,83.46550495245569,4084.0837760316595
1165.9146304283506,96.91597080149516,1193.928294713741
1615.9133050454343,2357.9567172361794,934.4495230262705
2380.9203777738953,1637.731214450286,2845.9461821777754
1249.343325885443,2351.8887561318707,1946.5255362868716
2374.345801136101,1998.9505775702473,7967.255555060729
1461.0537831229383,970.9248157249614,2032.8250873275433
116.43393959406356,2066.4126590007563,3771.6443838318155
311.7101066547972,2355.9496221775485,976.8393212389758
1625.5917984010973,1647.050766305069,949.2692205608034
855.0830524713074,790.9004904019198,1171.3147169097072
